,3CEK,3GFW,3H9F,3VQU,3W1F,3WZJ,3WZK,4BI0,4C4E,4C4F,4C4I,4CV9,4CVA,4D2S,5AP0,5AP1,5AP4,5AP6,5AP7,5EH0,5EHO,5EHY,5EI2,5EI6,5EI8,5LJJ,6B4W,6H3K,7CHM,7CLH,7LQD
3CEK,0.0,0.497,0.902,0.949,0.878,1.078,1.009,0.873,0.869,0.89,0.41,0.717,0.729,0.553,0.861,1.072,0.944,0.916,0.989,0.946,0.964,0.87,1.066,0.929,1.111,1.002,0.918,0.757,0.971,0.978,1.249
3GFW,0.497,0.0,0.844,0.903,0.866,1.121,1.006,0.732,0.653,0.768,0.56,0.715,0.659,0.614,0.801,0.978,0.91,0.74,0.896,0.741,0.798,0.622,0.79,0.756,0.87,0.802,0.834,0.727,0.896,0.932,1.179
3H9F,0.902,0.844,0.0,1.068,0.981,1.113,1.043,1.152,1.555,1.162,1.197,0.969,0.992,0.808,1.136,1.044,1.158,0.844,2.155,1.013,0.953,1.143,0.998,0.885,1.003,0.804,0.872,0.862,0.935,0.997,2.341
3VQU,0.949,0.903,1.068,0.0,0.6,0.754,0.696,0.787,1.328,0.742,1.059,0.61,0.626,0.656,0.683,0.602,0.696,0.736,1.939,0.714,0.619,0.842,0.846,0.695,0.974,0.993,0.674,0.578,0.661,0.714,2.156
3W1F,0.878,0.866,0.981,0.6,0.0,0.665,0.583,0.781,1.243,0.75,1.0,0.497,0.652,0.606,0.711,0.611,0.74,0.702,1.839,0.778,0.711,0.805,0.892,0.722,1.017,1.024,0.517,0.641,0.603,0.589,2.11
3WZJ,1.078,1.121,1.113,0.754,0.665,0.0,0.388,1.052,1.382,1.038,1.219,0.742,0.913,0.92,0.969,0.585,0.861,0.904,1.937,0.998,0.929,1.071,1.161,0.953,1.24,1.124,0.716,0.821,0.624,0.779,2.174
3WZK,1.009,1.006,1.043,0.696,0.583,0.388,0.0,0.988,1.324,0.986,1.195,0.651,0.809,0.822,0.904,0.585,0.837,0.77,1.897,0.917,0.822,1.0,1.06,0.832,1.136,1.094,0.665,0.739,0.535,0.705,2.144
4BI0,0.873,0.732,1.152,0.787,0.781,1.052,0.988,0.0,0.307,0.295,0.567,0.579,0.688,0.476,0.344,0.993,0.502,1.156,0.633,0.734,0.868,0.388,0.89,1.163,1.025,1.524,0.97,0.678,1.018,0.992,1.246
4C4E,0.869,0.653,1.555,1.328,1.243,1.382,1.324,0.307,0.0,0.375,0.702,0.544,0.635,0.481,0.459,1.386,1.198,1.595,0.994,1.312,1.414,0.277,1.252,1.622,1.55,1.887,1.397,1.186,1.371,1.452,1.473
4C4F,0.89,0.768,1.162,0.742,0.75,1.038,0.986,0.295,0.375,0.0,0.557,0.589,0.686,0.432,0.29,0.955,0.459,1.14,0.637,0.665,0.808,0.456,0.816,1.124,0.974,1.548,0.952,0.64,1.001,0.988,1.227
4C4I,0.41,0.56,1.197,1.059,1.0,1.219,1.195,0.567,0.702,0.557,0.0,0.491,0.541,0.514,0.597,1.179,1.047,1.137,0.811,1.097,1.126,0.638,1.226,1.131,1.284,1.238,1.11,1.022,1.143,1.146,1.004
4CV9,0.717,0.715,0.969,0.61,0.497,0.742,0.651,0.579,0.544,0.589,0.491,0.0,0.36,0.462,0.6,0.619,0.574,0.573,0.65,0.531,0.528,0.581,0.721,0.57,0.795,1.099,0.576,0.508,0.604,0.709,0.968
4CVA,0.729,0.659,0.992,0.626,0.652,0.913,0.809,0.688,0.635,0.686,0.541,0.36,0.0,0.515,0.694,0.716,0.733,0.588,0.736,0.49,0.502,0.665,0.631,0.542,0.704,1.109,0.656,0.57,0.684,0.78,0.99
4D2S,0.553,0.614,0.808,0.656,0.606,0.92,0.822,0.476,0.481,0.432,0.514,0.462,0.515,0.0,0.429,0.686,0.551,0.661,0.514,0.468,0.572,0.508,0.691,0.578,0.768,0.59,0.622,0.6,0.69,0.696,0.798
5AP0,0.861,0.801,1.136,0.683,0.711,0.969,0.904,0.344,0.459,0.29,0.597,0.6,0.694,0.429,0.0,0.847,0.451,1.103,0.509,0.63,0.738,0.485,0.811,1.074,0.929,1.509,0.859,0.643,0.907,0.882,1.194
5AP1,1.072,0.978,1.044,0.602,0.611,0.585,0.585,0.993,1.386,0.955,1.179,0.619,0.716,0.686,0.847,0.0,0.707,0.835,1.932,0.734,0.64,0.959,0.897,0.935,0.97,1.58,0.604,0.633,0.543,0.731,2.233
5AP4,0.944,0.91,1.158,0.696,0.74,0.861,0.837,0.502,1.198,0.459,1.047,0.574,0.733,0.551,0.451,0.707,0.0,1.118,1.847,0.663,0.755,0.613,0.877,1.112,1.045,1.472,0.871,0.578,0.874,0.92,2.136
5AP6,0.916,0.74,0.844,0.736,0.702,0.904,0.77,1.156,1.595,1.14,1.137,0.573,0.588,0.661,1.103,0.835,1.118,0.0,2.048,0.599,0.492,0.853,0.576,0.328,0.567,2.092,0.674,0.603,0.692,0.769,2.303
5AP7,0.989,0.896,2.155,1.939,1.839,1.937,1.897,0.633,0.994,0.637,0.811,0.65,0.736,0.514,0.509,1.932,1.847,2.048,0.0,1.938,2.008,0.654,1.738,2.054,2.181,2.283,1.954,1.833,1.934,1.995,0.867
5EH0,0.946,0.741,1.013,0.714,0.778,0.998,0.917,0.734,1.312,0.665,1.097,0.531,0.49,0.468,0.63,0.734,0.663,0.599,1.938,0.0,0.432,0.755,0.541,0.475,0.692,0.77,0.782,0.493,0.793,0.889,2.147
5EHO,0.964,0.798,0.953,0.619,0.711,0.929,0.822,0.868,1.414,0.808,1.126,0.528,0.502,0.572,0.738,0.64,0.755,0.492,2.008,0.432,0.0,0.869,0.5,0.315,0.544,1.072,0.734,0.542,0.672,0.787,2.201
5EHY,0.87,0.622,1.143,0.842,0.805,1.071,1.0,0.388,0.277,0.456,0.638,0.581,0.665,0.508,0.485,0.959,0.613,0.853,0.654,0.755,0.869,0.0,0.872,0.854,0.979,1.299,0.913,0.775,0.971,0.938,1.077
5EI2,1.066,0.79,0.998,0.846,0.892,1.161,1.06,0.89,1.252,0.816,1.226,0.721,0.631,0.691,0.811,0.897,0.877,0.576,1.738,0.541,0.5,0.872,0.0,0.454,0.385,0.82,0.855,0.75,0.878,0.941,1.812
5EI6,0.929,0.756,0.885,0.695,0.722,0.953,0.832,1.163,1.622,1.124,1.131,0.57,0.542,0.578,1.074,0.935,1.112,0.328,2.054,0.475,0.315,0.854,0.454,0.0,0.448,2.056,0.704,0.564,0.705,0.784,2.315
5EI8,1.111,0.87,1.003,0.974,1.017,1.24,1.136,1.025,1.55,0.974,1.284,0.795,0.704,0.768,0.929,0.97,1.045,0.567,2.181,0.692,0.544,0.979,0.385,0.448,0.0,1.103,0.951,0.843,0.968,1.051,2.379
5LJJ,1.002,0.802,0.804,0.993,1.024,1.124,1.094,1.524,1.887,1.548,1.238,1.099,1.109,0.59,1.509,1.58,1.472,2.092,2.283,0.77,1.072,1.299,0.82,2.056,1.103,0.0,1.184,0.78,1.228,1.313,3.229
6B4W,0.918,0.834,0.872,0.674,0.517,0.716,0.665,0.97,1.397,0.952,1.11,0.576,0.656,0.622,0.859,0.604,0.871,0.674,1.954,0.782,0.734,0.913,0.855,0.704,0.951,1.184,0.0,0.698,0.556,0.605,2.207
6H3K,0.757,0.727,0.862,0.578,0.641,0.821,0.739,0.678,1.186,0.64,1.022,0.508,0.57,0.6,0.643,0.633,0.578,0.603,1.833,0.493,0.542,0.775,0.75,0.564,0.843,0.78,0.698,0.0,0.673,0.794,1.836
7CHM,0.971,0.896,0.935,0.661,0.603,0.624,0.535,1.018,1.371,1.001,1.143,0.604,0.684,0.69,0.907,0.543,0.874,0.692,1.934,0.793,0.672,0.971,0.878,0.705,0.968,1.228,0.556,0.673,0.0,0.585,2.16
7CLH,0.978,0.932,0.997,0.714,0.589,0.779,0.705,0.992,1.452,0.988,1.146,0.709,0.78,0.696,0.882,0.731,0.92,0.769,1.995,0.889,0.787,0.938,0.941,0.784,1.051,1.313,0.605,0.794,0.585,0.0,2.25
7LQD,1.249,1.179,2.341,2.156,2.11,2.174,2.144,1.246,1.473,1.227,1.004,0.968,0.99,0.798,1.194,2.233,2.136,2.303,0.867,2.147,2.201,1.077,1.812,2.315,2.379,3.229,2.207,1.836,2.16,2.25,0.0
