ligand,seed,affinity_kcal,gly605_contacts,glu603_contacts,MW,LogP,HBD,HBA,TPSA,pIC50_pred,IC50_pred_nM,smiles,pIC50_gnn,pIC50_gnn_std,IC50_gnn_nM,gnn_confidence,vina_norm,pIC50_norm,combined_score_gnn
phase2_7CIL_LIG_142416413,7CIL_LIG,-8.553,2,0,350.43,3.62,3,7,107.24,7.902,12.52,Cc1nn(C(C)C)cc1Nc1nc(NC2(C)CC2)c2c(C#N)c[nH]c2n1,4.651,0.235,22342.74,low,0.5230106551802309,0.2533256217466742,0.38816813846345255
phase2_7CIL_LIG_142416385,7CIL_LIG,-8.727,3,0,350.43,3.62,3,7,107.24,7.831,14.74,Cc1c(Nc2nc(NC3(C)CC3)c3c(C#N)c[nH]c3n2)cnn1C(C)C,4.569,0.275,26950.16,low,0.4835638177284061,0.20589936379410056,0.34473159076125337
phase2_7CIL_LIG_142416379,7CIL_LIG,-8.571,3,1,322.38,2.58,3,7,107.24,7.487,32.62,Cc1c(Nc2nc(NC3(C)CC3)c3c(C#N)c[nH]c3n2)cnn1C,4.243,0.171,57084.87,moderate,0.5189299478576286,0.017351069982649073,0.26814050892013885
phase2_7CHM_LIG_142416298,7CHM_LIG,-9.85,2,1,492.56,3.51,4,8,130.99,7.462,34.48,COc1cc(C(=O)NC2CCN(C)CC2)c(F)cc1Nc1nc(NC2(C)CC2)c2c(C#N)c[nH]c2n1,5.06,0.26,8714.34,low,0.2289730219904783,0.48987854251012114,0.35942578225029975
phase2_7CIL_LIG_158224339,7CIL_LIG,-8.609,2,0,339.45,4.0,3,6,83.45,7.461,34.59,Cc1c[nH]c2nc(Nc3cnn(C(C)C)c3)nc(N[C@@H](C)C3CC3)c12,4.95,0.305,11214.01,low,0.5103151212876897,0.4262579525737421,0.4682865369307159
phase2_7CIL_LIG_129266632,7CIL_LIG,-8.558,3,1,339.45,4.0,3,6,83.45,7.461,34.59,Cc1c[nH]c2nc(Nc3cnn(C(C)C)c3)nc(N[C@H](C)C3CC3)c12,4.922,0.316,11970.22,low,0.5218771253683971,0.4100636205899361,0.46597037297916666
phase2_7CIL_LIG_129266648,7CIL_LIG,-8.671,3,1,339.45,4.0,3,6,83.45,7.461,34.59,Cc1c[nH]c2nc(Nc3cnn(C(C)C)c3)nc(N[C@@H](C)C3CC3)c12,4.95,0.305,11214.01,low,0.4962593516209477,0.4262579525737421,0.4612586520973449
phase2_7CIL_LIG_142416303,7CIL_LIG,-8.54,2,1,322.38,2.58,3,7,107.24,7.448,35.66,Cc1nn(C)cc1Nc1nc(NC2(C)CC2)c2c(C#N)c[nH]c2n1,4.388,0.215,40882.79,low,0.5259578326909999,0.10121457489878531,0.3135862037948926
phase2_7CIL_LIG_141725056,7CIL_LIG,-8.948,4,1,358.43,2.47,4,7,95.48,7.403,39.58,CCn1cc(Nc2nc(N[C@H]3CNCC[C@H]3C)c3c(F)c[nH]c3n2)cn1,5.942,0.399,1142.97,low,0.433461800045341,1.0,0.7167309000226705
phase2_7CIL_LIG_145336712,7CIL_LIG,-8.62,2,0,336.4,3.17,3,7,107.24,7.403,39.55,CC(C)n1cc(Nc2nc(NCC3CC3)c3c(C#N)c[nH]c3n2)cn1,4.819,0.185,15173.05,moderate,0.5078213557016551,0.3504916136495083,0.4291564846755817
phase2_7CIL_LIG_129275413,7CIL_LIG,-8.922,2,0,350.43,3.56,3,7,107.24,7.391,40.62,CC(C)n1cc(Nc2nc(N[C@H](C)C3CC3)c3c(C#N)c[nH]c3n2)cn1,4.812,0.373,15402.99,low,0.43935615506687803,0.3464430306535571,0.3928995928602176
phase2_7CIL_LIG_129244941,7CIL_LIG,-8.822,3,1,350.43,3.56,3,7,107.24,7.391,40.62,CC(C)n1cc(Nc2nc(N[C@@H](C)C3CC3)c3c(C#N)c[nH]c3n2)cn1,4.854,0.332,14004.09,low,0.46202675130355936,0.3707345286292655,0.4163806399664124
phase2_7CIL_LIG_129244943,7CIL_LIG,-8.806,2,0,350.43,3.56,3,7,107.24,7.391,40.62,CC(C)n1cc(Nc2nc(N[C@@H](C)C3CC3)c3c(C#N)c[nH]c3n2)cn1,4.854,0.332,14004.09,low,0.46565404670142835,0.3707345286292655,0.41819428766534694
phase2_7CHM_LIG_142416332,7CHM_LIG,-9.708,3,0,465.49,3.16,3,8,128.19,7.338,45.87,COc1cc(C(=O)N2CCOCC2)c(F)cc1Nc1nc(NC2(C)CC2)c2c(C#N)c[nH]c2n1,4.686,0.258,20610.21,low,0.26116526864656525,0.2735685367264314,0.2673669026864983
phase2_7CHM_LIG_142416338,7CHM_LIG,-9.482,3,1,480.55,3.37,4,8,130.99,7.317,48.2,CNc1nc(Nc2cc(F)c(C(=O)NC3CCN(C(C)C)CC3)cc2OC)nc2[nH]cc(C#N)c12,4.689,0.324,20440.96,low,0.3124008161414646,0.27530364372469635,0.29385222993308047
phase2_7CHM_LIG_151620004,7CHM_LIG,-9.829,2,1,477.48,4.66,3,7,118.96,7.251,56.07,COc1cc(C(=O)N2C=CC(F)(F)C=C2)ccc1Nc1nc(NC2(C)CC2)c2c(C#N)c[nH]c2n1,4.503,0.102,31418.12,moderate,0.23373384720018112,0.167727009832273,0.20073042851622708
phase2_7CHM_LIG_142416384,7CHM_LIG,-9.545,3,0,494.58,3.76,4,8,130.99,7.227,59.27,CCNc1nc(Nc2cc(F)c(C(=O)NC3CCN(C(C)C)CC3)cc2OC)nc2[nH]cc(C#N)c12,4.572,0.267,26782.42,low,0.2981183405123554,0.20763447079236552,0.25287640565236047
phase2_7CHM_LIG_162614379,7CHM_LIG,-9.641,3,1,470.52,4.85,3,6,95.17,7.194,63.91,COc1cc(C(=O)N2CCC(F)(F)CC2)ccc1Nc1nc(NC2(C)CC2)c2c(C)c[nH]c2n1,5.026,0.362,9429.24,low,0.2763545681251416,0.4702139965297858,0.3732842823274637
phase2_7CHN_LIG_155118967,7CHN_LIG,-9.071,3,1,362.44,4.12,4,6,111.78,7.194,63.97,COc1cc(N)ccc1Nc1cc(NC2CCCC2)c2c(C#N)c[nH]c2n1,5.04,0.188,9123.83,moderate,0.4055769666742235,0.47831116252168876,0.4419440645979561
phase2_7CIL_LIG_141725010,7CIL_LIG,-8.813,4,3,344.4,2.22,4,7,95.48,7.185,65.31,CCn1cc(Nc2nc(N[C@@H]3CCCNC3)c3c(F)c[nH]c3n2)cn1,5.235,0.328,5817.18,low,0.46406710496486037,0.591093117408907,0.5275801111868836
phase2_7CIL_LIG_155621801,7CIL_LIG,-8.811,5,1,344.4,2.22,4,7,95.48,7.185,65.31,CCn1cc(Nc2nc(N[C@@H]3CCCNC3)c3c(F)c[nH]c3n2)cn1,5.235,0.328,5817.18,low,0.4645205168895941,0.591093117408907,0.5278068171492506
phase2_7CIL_LIG_129275440,7CIL_LIG,-9.659,2,0,350.45,4.88,2,5,75.78,7.15,70.79,CC(C)n1cc(Nc2nc([N+]#C[C@H](C)C3CCC3)c3cc[nH]c3n2)cn1,4.933,0.225,11654.92,low,0.27227386080253885,0.4164256795835742,0.3443497701930565
phase2_7CHN_LIG_155118910,7CHN_LIG,-10.439,3,0,473.54,4.22,3,8,128.19,7.124,75.2,N#Cc1c[nH]c2nc(Nc3ccc(N4CCCC4=O)c4c3OCCO4)nc(NC3CCCCC3)c12,4.699,0.247,19977.93,low,0.09544321015642698,0.28108733371891254,0.18826527193766976
phase2_7CHN_LIG_155118918,7CHN_LIG,-7.83,3,1,487.56,4.61,3,8,128.19,7.114,76.86,N#Cc1c[nH]c2nc(Nc3ccc(N4CCCC4=O)c4c3OCCO4)nc(NC3CCCCCC3)c12,4.65,0.227,22396.67,low,0.6869190659714349,0.2527472527472529,0.4698331593593439
phase2_7CHM_LIG_146393701,7CHM_LIG,-7.025,2,1,463.51,4.46,2,6,103.27,7.096,80.22,COc1cc(C(=O)N2CCCCOCC2)c(F)cc1Nc1cc(C2CC2)c2c(C#N)c[nH]c2n1,5.2,0.253,6313.93,low,0.8694173656767171,0.5708502024291499,0.7201337840529335
phase2_7CHN_LIG_155118969,7CHN_LIG,-7.994,1,1,351.37,1.97,4,8,133.9,7.094,80.56,COc1cc(N)ccc1Nc1nc(NC2COC2)c2c(C#N)c[nH]c2n1,4.72,0.207,19057.39,low,0.6497392881432782,0.29323308270676673,0.47148618542502246
phase2_7CHM_LIG_146393688,7CHM_LIG,-9.424,1,0,435.46,3.68,2,6,103.27,7.082,82.81,COc1cc(C(=O)N2CCOCC2)c(F)cc1Nc1cc(C2CC2)c2c(C#N)c[nH]c2n1,5.162,0.248,6881.55,low,0.3255497619587395,0.5488721804511277,0.43721097120493363
phase2_7CIL_LIG_146851006,7CIL_LIG,-7.97,2,0,310.37,2.7,3,7,107.24,7.076,84.02,CNc1nc(Nc2cn(C(C)C)nc2C)nc2[nH]cc(C#N)c12,4.731,0.177,18561.33,moderate,0.6551802312400816,0.29959514170040474,0.4773876864702432
phase2_7CIL_LIG_155022217,7CIL_LIG,-7.976,2,0,310.37,2.7,3,7,107.24,7.039,91.34,CNc1nc(Nc2cnn(C(C)C)c2C)nc2[nH]cc(C#N)c12,4.656,0.173,22089.28,moderate,0.6538199954658807,0.2562174667437823,0.4550187311048315
phase2_7CHN_LIG_155119022,7CHN_LIG,-9.431,3,0,473.58,5.09,3,7,118.96,7.027,93.93,CC(C)COc1cc(N2CCCC2=O)ccc1Nc1nc(NC2CCCC2)c2c(C#N)c[nH]c2n1,5.423,0.169,3771.47,moderate,0.32396282022217193,0.6998264893001734,0.5118946547611727
phase2_7CHN_LIG_155119023,7CHN_LIG,-8.311,5,0,337.39,2.98,4,7,124.67,7.023,94.9,COc1cc(N)ccc1Nc1nc(NC(C)C)c2c(C#N)c[nH]c2n1,4.524,0.206,29933.16,low,0.5778734980729993,0.1798727588201272,0.37887312844656323
phase2_7CIL_LIG_166675729,7CIL_LIG,-8.856,3,1,344.4,2.22,4,7,95.48,7.007,98.36,CCn1cc(Nc2nc(N[C@H]3CN[C@@H](C)C3)c3c(F)c[nH]c3n2)cn1,5.361,0.336,4351.12,low,0.4543187485830877,0.6639676113360322,0.55914317995956
phase2_7CHM_LIG_142416410,7CHM_LIG,-9.689,2,1,451.46,2.77,3,8,128.19,6.996,100.92,COc1cc(C(=O)N2CCOCC2)c(F)cc1Nc1nc(NC2CC2)c2c(C#N)c[nH]c2n1,4.621,0.212,23946.64,low,0.26547268193153467,0.23597455176402565,0.25072361684778016
phase2_7CIL_LIG_142755084,7CIL_LIG,-8.776,3,1,374.88,3.12,4,7,95.48,6.982,104.16,CCn1cc(Nc2nc(N[C@@H]3CC[C@H](C)NC3)c3c(Cl)c[nH]c3n2)cn1,5.271,0.373,5355.23,low,0.4724552255724325,0.6119144013880855,0.542184813480259
phase2_7CIL_LIG_142755078,7CIL_LIG,-9.341,2,1,354.46,2.49,3,7,86.69,6.94,114.8,CCn1cc(Nc2nc(N(C)[C@@H]3CC[C@H](C)NC3)c3cc[nH]c3n2)cn1,4.907,0.223,12390.4,low,0.34436635683518485,0.4013880855986119,0.37287722121689837
phase2_7CHM_LIG_155012442,7CHM_LIG,-9.83,1,0,482.47,2.36,2,9,134.62,6.934,116.51,COc1cc(C(=O)N2CCOCC2)c(F)cc1Nc1nc(O[C@@H]2CCOC2)c2c(C#N)c[nH]c2n1,4.77,0.261,16968.89,low,0.23350714123781444,0.3221515326778482,0.2778293369578313
phase2_7CHM_LIG_148694189,7CHM_LIG,-9.686,2,0,482.47,2.36,2,9,134.62,6.934,116.51,COc1cc(C(=O)N2CCOCC2)c(F)cc1Nc1nc(O[C@H]2CCOC2)c2c(C#N)c[nH]c2n1,4.809,0.214,15514.47,low,0.26615279981863516,0.3447079236552921,0.30543036173696364
phase2_7CHN_LIG_155119024,7CHN_LIG,-8.551,3,1,351.41,3.23,4,7,124.67,6.908,123.52,COc1cc(N)ccc1Nc1nc(NCC(C)C)c2c(C#N)c[nH]c2n1,4.914,0.258,12189.84,low,0.5234640671049647,0.40543666859456307,0.4644503678497639
phase2_7CIL_LIG_142416394,7CIL_LIG,-7.837,2,0,324.39,3.09,3,7,107.24,6.896,127.14,CCNc1nc(Nc2cn(C(C)C)nc2C)nc2[nH]cc(C#N)c12,4.585,0.162,25973.97,moderate,0.6853321242348673,0.21515326778484664,0.450242696009857
phase2_7CIL_LIG_142416375,7CIL_LIG,-7.961,2,1,324.39,3.09,3,7,107.24,6.877,132.83,CCNc1nc(Nc2cnn(C(C)C)c2C)nc2[nH]cc(C#N)c12,4.519,0.249,30281.48,low,0.6572205849013828,0.17698091382301911,0.417100749362201
phase2_7CHN_LIG_169729302,7CHN_LIG,-9.416,3,1,419.49,3.92,3,7,118.96,6.868,135.67,CC[C@@H](C)Nc1nc(Nc2ccc(N3CCCC3=O)cc2OC)nc2[nH]cc(C#N)c12,4.553,0.192,28001.04,moderate,0.3273634096576738,0.19664545980335446,0.26200443473051416
phase2_7CHN_LIG_155691506,7CHN_LIG,-9.093,4,1,419.49,3.92,3,7,118.96,6.868,135.67,CC[C@H](C)Nc1nc(Nc2ccc(N3CCCC3=O)cc2OC)nc2[nH]cc(C#N)c12,4.568,0.275,27051.93,low,0.40058943550215365,0.20532099479467872,0.30295521514841617
phase2_7CHN_LIG_168793585,7CHN_LIG,-9.416,3,0,419.49,3.92,3,7,118.96,6.868,135.67,CC[C@@H](C)Nc1nc(Nc2ccc(N3CCCC3=O)cc2OC)nc2[nH]cc(C#N)c12,4.553,0.192,28001.04,moderate,0.3273634096576738,0.19664545980335446,0.26200443473051416
phase2_7CHM_LIG_146393630,7CHM_LIG,-7.116,4,2,464.5,3.85,2,7,116.16,6.86,138.19,COc1cc(C(=O)N2CCCCOCC2)c(F)cc1Nc1nc(C2CC2)c2c(C#N)c[nH]c2n1,4.838,0.275,14528.64,low,0.8487871231013376,0.3614806246385194,0.6051338738699286
phase2_7CHN_LIG_155109126,7CHN_LIG,-9.721,1,0,459.55,4.84,3,7,118.96,6.853,140.32,CCOc1cc(N2CCCC2=O)ccc1Nc1nc(NC2CCCCC2)c2c(C#N)c[nH]c2n1,4.616,0.154,24195.84,moderate,0.25821809113579675,0.23308270676691703,0.24565039895135687
phase2_7CHN_LIG_155118926,7CHN_LIG,-10.182,2,1,447.5,4.28,3,8,128.19,6.852,140.65,COc1cc(N2CCOC2=O)ccc1Nc1nc(NC2CCCCC2)c2c(C#N)c[nH]c2n1,4.542,0.158,28684.9,moderate,0.15370664248469715,0.19028340080971642,0.17199502164720679
phase2_7CHM_LIG_146393631,7CHM_LIG,-9.338,2,1,436.45,3.07,2,7,116.16,6.85,141.37,COc1cc(C(=O)N2CCOCC2)c(F)cc1Nc1nc(C2CC2)c2c(C#N)c[nH]c2n1,4.807,0.241,15580.91,low,0.3450464747222853,0.343551185656449,0.34429883018936713
phase2_7CHN_LIG_155109123,7CHN_LIG,-10.311,4,1,461.53,3.69,3,8,128.19,6.843,143.5,COc1cc(N2CCOCC2=O)ccc1Nc1nc(NC2CCCCC2)c2c(C#N)c[nH]c2n1,4.661,0.201,21803.89,low,0.12446157333937873,0.2591093117408904,0.19178544254013458
phase2_7CHM_LIG_142416320,7CHM_LIG,-9.689,1,0,466.47,3.12,2,8,125.39,6.828,148.6,COc1cc(C(=O)N2CCOCC2)c(F)cc1Nc1nc(OC2(C)CC2)c2c(C#N)c[nH]c2n1,4.794,0.32,16084.54,low,0.26547268193153467,0.33603238866396734,0.30075253529775103
phase2_7CHN_LIG_164091414,7CHN_LIG,-8.898,1,0,432.49,3.52,3,9,125.7,6.817,152.57,COC[C@@H](C)Nc1nc(Nc2ccc(-n3ccnc3C)cc2OC)nc2[nH]cc(C#N)c12,4.338,0.214,45870.77,low,0.4447970981636817,0.07229612492770388,0.2585466115456928
phase2_7CHN_LIG_155691527,7CHN_LIG,-8.898,1,0,432.49,3.52,3,9,125.7,6.817,152.57,COC[C@@H](C)Nc1nc(Nc2ccc(-n3ccnc3C)cc2OC)nc2[nH]cc(C#N)c12,4.338,0.214,45870.76,low,0.4447970981636817,0.07229612492770388,0.2585466115456928
phase2_7CIL_LIG_127046343,7CIL_LIG,-7.469,1,0,321.39,3.47,2,6,95.21,6.814,153.61,N#CCC1(n2cc(Nc3ncnc4[nH]ccc34)cn2)CCCCC1,4.848,0.413,14203.72,low,0.7687599183858534,0.36726431463273557,0.5680121165092945
phase2_7CIL_LIG_127046344,7CIL_LIG,-7.632,2,0,307.36,3.08,2,6,95.21,6.811,154.42,N#CCC1(n2cc(Nc3ncnc4[nH]ccc34)cn2)CCCC1,4.898,0.425,12639.95,low,0.7318068465200634,0.39618276460381696,0.5639948055619401
phase2_7CHM_LIG_142416334,7CHM_LIG,-9.46,4,2,452.49,2.59,4,8,130.99,6.808,155.44,CNc1nc(Nc2cc(F)c(C(=O)NC3CCN(C)CC3)cc2OC)nc2[nH]cc(C#N)c12,5.131,0.253,7389.75,low,0.31738834731353405,0.5309427414690573,0.42416554439129567
phase2_7CHM_LIG_142436048,7CHM_LIG,-9.255,2,0,424.44,2.84,3,7,115.3,6.807,156.11,CNc1cc(Nc2cc(F)c(C(=O)N3CCOCC3)cc2OC)nc2[nH]cc(C#N)c12,5.203,0.151,6272.93,moderate,0.36386306959873016,0.5725853094274148,0.4682241895130725
phase2_7CHN_LIG_155109134,7CHN_LIG,-9.608,2,1,419.45,2.52,3,8,128.19,6.799,158.81,COc1cc(N2CCCC2=O)ccc1Nc1nc(NC2COC2)c2c(C#N)c[nH]c2n1,4.726,0.181,18799.4,moderate,0.2838358648832462,0.29670329670329665,0.2902695807932714
phase2_7CHN_LIG_166866535,7CHN_LIG,-10.03,3,1,451.56,4.03,3,9,111.12,6.796,159.9,COc1cc(N2CCCS2)ccc1Nc1nc(NC2CCOCC2)c2c(C#N)c[nH]c2n1,4.555,0.181,27877.41,moderate,0.18816594876445253,0.19780219780219757,0.19298407328332506
phase2_7CHN_LIG_155109158,7CHN_LIG,-9.339,2,0,405.46,3.53,3,7,118.96,6.796,160.09,COc1cc(N2CCCC2=O)ccc1Nc1nc(NC(C)C)c2c(C#N)c[nH]c2n1,4.484,0.173,32846.93,moderate,0.3448197687599182,0.15673799884326195,0.2507788838015901
phase2_7CHN_LIG_155109139,7CHN_LIG,-9.868,2,0,430.51,4.67,3,6,106.07,6.79,162.3,COc1cc(N2CCCC2=O)ccc1Nc1cc(NC2CCCC2)c2c(C#N)c[nH]c2n1,4.94,0.195,11481.84,moderate,0.22489231466787557,0.4204742625795259,0.32268328862370077
phase2_7CHN_LIG_155118972,7CHN_LIG,-8.448,2,1,381.44,3.0,4,8,133.9,6.785,163.96,COCC(C)(C)Nc1nc(Nc2ccc(N)cc2OC)nc2[nH]cc(C#N)c12,4.513,0.224,30713.93,low,0.5468147812287462,0.1735106998264892,0.36016274052761765
phase2_7CHN_LIG_155109147,7CHN_LIG,-10.341,3,1,444.54,5.06,3,6,106.07,6.783,164.69,COc1cc(N2CCCC2=O)ccc1Nc1cc(NC2CCCCC2)c2c(C#N)c[nH]c2n1,4.99,0.17,10232.0,moderate,0.11766039446837456,0.44939271255060736,0.28352655350949096
phase2_7CIL_LIG_166635463,7CIL_LIG,-8.925,2,0,337.39,1.88,3,8,124.47,6.782,165.08,C[C@@H]1CCCN1c1c(C#N)c2c(N)nc(Nc3cn[nH]c3)nc2n1C,5.014,0.238,9672.62,low,0.4386760371797776,0.4632735685367265,0.4509748028582521
phase2_7CHM_LIG_142416311,7CHM_LIG,-9.557,3,2,466.52,2.98,4,8,130.99,6.778,166.72,CCNc1nc(Nc2cc(F)c(C(=O)NC3CCN(C)CC3)cc2OC)nc2[nH]cc(C#N)c12,5.014,0.227,9690.52,low,0.29539786896395354,0.4632735685367265,0.37933571875034
phase2_7CHM_LIG_142416352,7CHM_LIG,-9.241,4,1,453.48,3.02,3,8,128.19,6.777,166.99,CCCNc1nc(Nc2cc(F)c(C(=O)N3CCOCC3)cc2OC)nc2[nH]cc(C#N)c12,4.874,0.297,13380.95,low,0.3670369530718658,0.3823019086176978,0.37466943084478177
phase2_7CHM_LIG_155012414,7CHM_LIG,-9.196,2,0,452.49,2.54,3,8,122.2,6.774,168.32,CNc1nc(Nc2cc(F)c(C(=O)N3CCN(C)C[C@@H]3C)cc2OC)nc2[nH]cc(C#N)c12,4.751,0.153,17755.15,moderate,0.3772387213783722,0.3111625216888376,0.3442006215336049
phase2_7CHM_LIG_142416358,7CHM_LIG,-9.402,2,0,452.49,2.54,3,8,122.2,6.774,168.32,CNc1nc(Nc2cc(F)c(C(=O)N3CCN(C)C[C@H]3C)cc2OC)nc2[nH]cc(C#N)c12,5.104,0.268,7868.12,low,0.33053729313080943,0.5153267784846732,0.4229320358077413
phase2_7CHN_LIG_155119025,7CHN_LIG,-8.82,3,1,421.51,3.71,4,8,122.12,6.771,169.26,CC[C@H](C)Nc1nc(Nc2ccc(N3CCC[C@H]3O)cc2OC)nc2[nH]cc(C#N)c12,4.76,0.273,17393.39,low,0.4624801632282928,0.316367842683632,0.38942400295596236
phase2_7CHM_LIG_77846573,7CHM_LIG,-10.158,2,0,472.55,4.8,5,7,124.19,6.758,174.65,CNC(=O)c1ccc(Nc2nc(NC3CCCC3)c3c(-c4ccc(O)cc4)c[nH]c3n2)c(OC)c1,5.091,0.355,8106.84,low,0.1591475855815008,0.5078079814921921,0.33347778353684643
phase2_7CHM_LIG_142416363,7CHM_LIG,-9.197,3,0,425.42,2.23,3,8,128.19,6.74,181.91,CNc1nc(Nc2cc(F)c(C(=O)N3CCOCC3)cc2OC)nc2[nH]cc(C#N)c12,4.771,0.168,16930.98,moderate,0.37701201541600554,0.32272990167727,0.34987095854663774
phase2_7CIL_LIG_166673091,7CIL_LIG,-8.971,3,1,330.37,1.74,4,7,95.48,6.723,189.22,C[C@H]1C[C@@H](Nc2nc(Nc3cnn(C)c3)nc3[nH]cc(F)c23)CN1,5.03,0.283,9337.4,low,0.42824756291090443,0.4725274725274726,0.4503875177191885
phase2_7CHM_LIG_142416357,7CHM_LIG,-9.259,3,0,439.45,2.63,3,8,128.19,6.723,189.28,CCNc1nc(Nc2cc(F)c(C(=O)N3CCOCC3)cc2OC)nc2[nH]cc(C#N)c12,4.646,0.211,22571.62,low,0.36295624574926305,0.25043377674956613,0.30669501124941456
phase2_7CHN_LIG_166866595,7CHN_LIG,-8.89,1,0,407.48,3.32,4,8,122.12,6.722,189.88,COc1cc(N2CCC[C@H]2O)ccc1Nc1nc(NC(C)C)c2c(C#N)c[nH]c2n1,4.684,0.142,20689.56,moderate,0.44661074586261595,0.27241179872758825,0.3595112722951021
phase2_7CHN_LIG_166866548,7CHN_LIG,-9.799,3,1,435.56,4.79,3,8,101.89,6.718,191.28,COc1cc(N2CCCS2)ccc1Nc1nc(NC2CCCC2)c2c(C#N)c[nH]c2n1,4.589,0.177,25763.65,moderate,0.24053502607118568,0.21746674378253344,0.22900088492685955
phase2_7CHM_LIG_155012426,7CHM_LIG,-9.27,2,1,466.52,2.93,3,8,122.2,6.718,191.49,CCNc1nc(Nc2cc(F)c(C(=O)N3CCN(C)C[C@@H]3C)cc2OC)nc2[nH]cc(C#N)c12,4.638,0.184,22997.53,moderate,0.3604624801632283,0.24580682475419305,0.3031346524587107
phase2_7CHM_LIG_142416333,7CHM_LIG,-9.468,1,0,466.52,2.93,3,8,122.2,6.718,191.49,CCNc1nc(Nc2cc(F)c(C(=O)N3CCN(C)C[C@H]3C)cc2OC)nc2[nH]cc(C#N)c12,4.998,0.337,10043.37,low,0.3155746996145998,0.4540196645459804,0.3847971820802901
phase2_7CHM_LIG_142436041,7CHM_LIG,-9.903,2,1,454.48,4.49,3,6,106.07,6.713,193.79,CCNc1cc(Nc2ccc(C(=O)N3CCC(F)(F)CC3)cc2OC)nc2[nH]cc(C#N)c12,5.375,0.336,4213.1,low,0.2169576059850372,0.6720647773279351,0.44451119165648617
phase2_7CIL_LIG_175716355,7CIL_LIG,-9.089,2,1,360.85,2.64,4,7,95.48,6.708,195.72,C[C@H]1CC[C@@H](Nc2nc(Nc3cnn(C)c3)nc3[nH]cc(Cl)c23)CN1,5.347,0.319,4498.12,low,0.40149625935162075,0.6558704453441297,0.5286833523478752
phase2_7CHN_LIG_155691552,7CHN_LIG,-9.529,3,2,419.49,3.78,3,7,118.96,6.703,198.02,COc1cc(N2CCCC2=O)ccc1Nc1nc(NCC(C)C)c2c(C#N)c[nH]c2n1,4.867,0.305,13592.97,low,0.30174563591022435,0.37825332562174663,0.3399994807659855
phase2_7CHN_LIG_155118997,7CHN_LIG,-10.735,1,1,476.54,3.78,3,8,136.39,6.702,198.52,COc1cc(N2CCCC2=O)ccc1Nc1nc(O[C@H]2CC[C@@](C)(O)CC2)c2c(C#N)c[nH]c2n1,4.733,0.328,18489.18,low,0.028338245295851282,0.3007518796992479,0.16454506249754958
phase2_7CHM_LIG_146393798,7CHM_LIG,-9.307,3,0,478.45,4.82,2,5,79.48,6.692,203.12,COc1cc(C(=O)N2CCOCC2)c(F)cc1Nc1cc(C2CC2)c2c(C(F)(F)F)c[nH]c2n1,5.084,0.169,8249.56,moderate,0.35207435955565614,0.5037593984962403,0.4279168790259482
phase2_7CIL_LIG_127048092,7CIL_LIG,-8.062,1,0,321.39,3.54,2,6,95.21,6.688,204.99,N#CC[C@@H](C1CCCC1)n1cc(Nc2ncnc3[nH]ccc23)cn1,4.762,0.26,17281.97,low,0.6343232827023352,0.31752458068247513,0.47592393169240516
phase2_7CIL_LIG_127046342,7CIL_LIG,-8.333,2,0,335.42,3.93,2,6,95.21,6.687,205.59,N#CC[C@@H](C1CCCCC1)n1cc(Nc2ncnc3[nH]ccc23)cn1,4.769,0.262,17004.8,low,0.5728859669009294,0.32157316367842687,0.44722956528967817
phase2_7CHM_LIG_146312779,7CHM_LIG,-8.605,3,0,494.49,4.29,3,6,85.52,6.685,206.63,CNc1cc(Nc2cc(F)c(C(=O)N3CCN(C)C[C@@H]3C)cc2OC)nc2[nH]cc(C(F)(F)F)c12,5.13,0.153,7416.62,moderate,0.5112219451371569,0.5303643724696355,0.5207931588033963
phase2_7CHN_LIG_155118894,7CHN_LIG,-10.293,4,3,444.5,3.67,3,9,125.7,6.685,206.64,COc1cc(-n2ccnc2C)ccc1Nc1nc(NC2CCOCC2)c2c(C#N)c[nH]c2n1,4.485,0.255,32742.12,low,0.12854228066198145,0.15731636784268377,0.14292932425233262
phase2_7CHM_LIG_142436020,7CHM_LIG,-8.808,2,0,494.49,4.29,3,6,85.52,6.685,206.63,CNc1cc(Nc2cc(F)c(C(=O)N3CCN(C)C[C@H]3C)cc2OC)nc2[nH]cc(C(F)(F)F)c12,5.504,0.159,3134.92,moderate,0.4652006347766946,0.7466743782533253,0.6059375065150099
phase2_7CHN_LIG_155119000,7CHN_LIG,-10.86,5,1,456.55,5.13,3,8,116.47,6.679,209.57,COc1cc(-n2cc(C)nc2C)ccc1Nc1nc(NC2CCCCC2)c2c(C#N)c[nH]c2n1,4.371,0.257,42517.22,low,-0.0,0.0913823019086179,0.04569115095430895
phase2_7CHN_LIG_155118908,7CHN_LIG,-8.956,4,1,365.44,3.62,4,7,124.67,6.674,211.98,COc1cc(N)ccc1Nc1nc(NCC(C)(C)C)c2c(C#N)c[nH]c2n1,5.105,0.367,7857.97,low,0.43164815234640674,0.515905147484095,0.47377664991525087
phase2_7CHN_LIG_166866573,7CHN_LIG,-9.067,4,1,421.46,2.85,4,8,139.19,6.654,222.06,CC[C@@H](O)Nc1nc(Nc2ccc(N3CCCC3=O)cc2OC)nc2[nH]cc(C#N)c12,4.472,0.158,33729.95,moderate,0.40648379052369066,0.14979757085020262,0.27814068068694664
phase2_7CHM_LIG_146329790,7CHM_LIG,-8.728,3,2,496.54,2.75,2,8,115.74,6.646,225.99,COCCN(C)c1cc(NCc2cc(F)c(C(=O)N3CCOCC3)cc2OC)nc2[nH]cc(C#N)c12,4.911,0.13,12281.9,moderate,0.48333711176603944,0.4037015615962981,0.4435193366811688
phase2_7CHM_LIG_146329895,7CHM_LIG,-9.852,4,1,450.52,4.58,3,6,106.07,6.644,226.73,CCNc1cc(Nc2ccc(C(=O)N3CCC(C)(F)CC3)cc2OC)nc2[nH]cc(C#N)c12,5.416,0.199,3834.79,moderate,0.22851961006574456,0.6957779063042222,0.46214875818498335
phase2_7CHM_LIG_155012424,7CHM_LIG,-9.29,2,0,495.48,3.69,3,7,98.41,6.638,230.18,CNc1nc(Nc2cc(F)c(C(=O)N3CCN(C)C[C@@H]3C)cc2OC)nc2[nH]cc(C(F)(F)F)c12,4.708,0.135,19610.38,moderate,0.3559283609158922,0.2862926547137074,0.3211105078147998
phase2_7CHM_LIG_142416326,7CHM_LIG,-8.884,2,1,495.48,3.69,3,7,98.41,6.638,230.18,CNc1nc(Nc2cc(F)c(C(=O)N3CCN(C)C[C@H]3C)cc2OC)nc2[nH]cc(C(F)(F)F)c12,5.067,0.285,8571.19,low,0.44797098163681687,0.49392712550607293,0.4709490535714449
phase2_7CHM_LIG_142436016,7CHM_LIG,-8.254,1,0,482.52,2.88,2,8,115.74,6.635,231.66,COCCN(C)c1cc(Nc2cc(F)c(C(=O)N3CCOCC3)cc2OC)nc2[nH]cc(C#N)c12,5.05,0.144,8908.72,moderate,0.5907957379279075,0.48409485251590495,0.5374452952219062
phase2_7CHM_LIG_142436055,7CHM_LIG,-9.159,1,0,480.47,3.9,3,6,85.52,6.616,241.9,CNc1cc(Nc2cc(F)c(C(=O)N3CCN(C)CC3)cc2OC)nc2[nH]cc(C(F)(F)F)c12,5.478,0.229,3325.39,low,0.385626841985944,0.731636784268363,0.5586318131271535
phase2_7CIL_LIG_157996792,7CIL_LIG,-7.521,2,0,271.33,2.09,3,6,83.45,6.614,243.46,CNc1nc(Nc2cnn(C)c2C)nc2[nH]cc(C)c12,4.432,0.034,36986.73,high,0.7569712083427794,0.12666281087333736,0.44181700960805836
phase2_7CHN_LIG_166866572,7CHN_LIG,-9.196,4,1,421.51,3.57,4,8,122.12,6.612,244.16,COc1cc(N2CCC[C@H]2O)ccc1Nc1nc(NCC(C)C)c2c(C#N)c[nH]c2n1,5.065,0.36,8616.86,low,0.3772387213783722,0.4927703875072298,0.435004554442801
phase2_7CHN_LIG_166866574,7CHN_LIG,-9.309,1,0,405.46,3.53,3,7,118.96,6.57,269.39,CCCNc1nc(Nc2ccc(N3CCCC3=O)cc2OC)nc2[nH]cc(C#N)c12,4.725,0.246,18849.67,low,0.3516209476309228,0.29612492770387483,0.3238729376673988
phase2_7CHM_LIG_142436034,7CHM_LIG,-10.153,1,0,440.45,4.1,3,6,106.07,6.561,274.86,CNc1cc(Nc2ccc(C(=O)N3CCC(F)(F)CC3)cc2OC)nc2[nH]cc(C#N)c12,5.52,0.253,3019.82,low,0.16028111539333462,0.7559282822440714,0.45810469881870297
phase2_7CHM_LIG_122490585,7CHM_LIG,-8.883,2,0,400.41,2.36,3,7,104.4,6.56,275.28,CNc1nc(Nc2cc(F)c(C(=O)N3CCOCC3)cc2OC)nc2[nH]ccc12,4.946,0.156,11311.2,moderate,0.448197687599184,0.4239444765760553,0.43607108208761963
phase2_7CHN_LIG_155109125,7CHN_LIG,-9.378,1,1,419.49,3.92,3,7,118.96,6.558,276.48,CCCCNc1nc(Nc2ccc(N3CCCC3=O)cc2OC)nc2[nH]cc(C#N)c12,4.593,0.139,25518.36,moderate,0.33597823622761264,0.2197802197802197,0.2778792280039162
phase2_7CHM_LIG_146329789,7CHM_LIG,-9.747,3,0,496.59,3.74,3,7,94.75,6.546,284.77,CNc1cc(Nc2cc(F)c(C(=O)N3CCC(N4CCOCC4)CC3)cc2OC)nc2[nH]cc(C)c12,5.207,0.226,6201.63,low,0.25232373611425973,0.5748987854251011,0.4136112607696804
phase2_7CIL_LIG_155022147,7CIL_LIG,-7.706,3,1,282.31,1.66,3,7,107.24,6.545,285.3,CNc1nc(Nc2cnn(C)c2C)nc2[nH]cc(C#N)c12,4.337,0.07,46003.49,high,0.7150306053049194,0.07171775592828204,0.3933741806166007
phase2_7CHN_LIG_155109143,7CHN_LIG,-9.384,1,1,406.49,4.19,3,6,95.17,6.543,286.57,COc1cc(N2CCCC2=O)ccc1Nc1nc(NC2CCCC2)c2cc[nH]c2n1,4.765,0.157,17178.49,moderate,0.3346180004534117,0.3192596876807401,0.3269388440670759
phase2_7CHN_LIG_155118890,7CHN_LIG,-9.813,1,1,420.52,4.58,3,6,95.17,6.535,291.54,COc1cc(N2CCCC2=O)ccc1Nc1nc(NC2CCCCC2)c2cc[nH]c2n1,4.724,0.165,18900.24,moderate,0.23736114259805008,0.2955465587044535,0.2664538506512518
phase2_7CHM_LIG_146393706,7CHM_LIG,-9.114,2,1,479.43,4.22,2,6,92.37,6.534,292.61,COc1cc(C(=O)N2CCOCC2)c(F)cc1Nc1nc(C2CC2)c2c(C(F)(F)F)c[nH]c2n1,4.766,0.256,17136.88,low,0.3958286102924504,0.3198380566801619,0.3578333334863062
phase2_7CHN_LIG_155691548,7CHN_LIG,-9.06,4,1,449.52,3.55,3,8,128.19,6.52,302.14,COCC(C)(C)Nc1nc(Nc2ccc(N3CCCC3=O)cc2OC)nc2[nH]cc(C#N)c12,4.503,0.175,31382.63,moderate,0.40807073226025825,0.167727009832273,0.28789887104626566
phase2_7CHM_LIG_142436000,7CHM_LIG,-9.272,3,1,434.5,3.48,3,7,115.3,6.513,307.12,CCNc1cc(Nc2ccc(C(=O)N3CCO[C@@H](C)C3)cc2OC)nc2[nH]cc(C#N)c12,5.164,0.359,6862.77,low,0.36000906823849455,0.5500289184499708,0.4550189933442327
phase2_7CHM_LIG_146329893,7CHM_LIG,-10.15,1,1,436.49,4.19,3,6,106.07,6.512,307.39,CNc1cc(Nc2ccc(C(=O)N3CCC(C)(F)CC3)cc2OC)nc2[nH]cc(C#N)c12,5.558,0.117,2764.09,moderate,0.16096123328043507,0.7779063042220935,0.4694337687512643
phase2_7CHT_LIG_151121021,7CHT_LIG,-9.439,2,0,421.46,3.15,3,8,128.19,6.496,319.09,CCNc1nc(Nc2cc3c(cc2OC)N(C)C(=O)C(C)(C)O3)nc2[nH]cc(C#N)c12,4.365,0.085,43177.68,high,0.32214917252323727,0.08791208791208799,0.20503063021766263
phase2_7CHM_LIG_142416417,7CHM_LIG,-10.081,1,1,441.44,3.49,3,7,118.96,6.495,320.12,CNc1nc(Nc2ccc(C(=O)N3CCC(F)(F)CC3)cc2OC)nc2[nH]cc(C#N)c12,5.047,0.252,8966.36,low,0.17660394468374518,0.48235974551764,0.32948184510069256
phase2_7CHM_LIG_142436084,7CHM_LIG,-9.228,2,1,420.47,3.09,3,7,115.3,6.486,326.46,CCNc1cc(Nc2ccc(C(=O)N3CCOCC3)cc2OC)nc2[nH]cc(C#N)c12,5.044,0.32,9039.81,low,0.3699841305826343,0.48062463851937504,0.42530438455100467
phase2_7CIL_LIG_177211774,7CIL_LIG,-9.146,2,1,348.41,2.54,2,7,98.45,6.476,334.1,CC[C@@]12C[C@@H]1CN(c1nc(Nc3cnn(C)c3)nc3[nH]cc(C#N)c13)C2,4.6,0.119,25116.72,moderate,0.3885740194967125,0.22382880277617093,0.3062014111364417
phase2_7CHN_LIG_166866571,7CHN_LIG,-8.83,4,0,451.53,3.34,4,9,131.35,6.475,334.71,COCC(C)(C)Nc1nc(Nc2ccc(N3CCC[C@H]3O)cc2OC)nc2[nH]cc(C#N)c12,4.69,0.166,20405.78,moderate,0.4602131036046247,0.27588201272411816,0.3680475581643714
phase2_7CHM_LIG_142436018,7CHM_LIG,-9.1,3,1,434.5,3.48,3,7,115.3,6.467,341.52,CCCNc1cc(Nc2ccc(C(=O)N3CCOCC3)cc2OC)nc2[nH]cc(C#N)c12,5.25,0.253,5619.52,low,0.399002493765586,0.5997686524002313,0.49938557308290865
phase2_7CHN_LIG_155109132,7CHN_LIG,-9.86,3,1,433.52,4.17,3,7,118.96,6.458,348.24,COc1cc(N2CCCC2=O)ccc1Nc1nc(NCC(C)(C)C)c2c(C#N)c[nH]c2n1,5.044,0.407,9044.65,low,0.22670596236681026,0.48062463851937504,0.35366530044309263
phase2_7CIL_LIG_155022106,7CIL_LIG,-7.688,2,1,282.31,1.66,3,7,107.24,6.446,358.1,CNc1nc(Nc2cn(C)nc2C)nc2[nH]cc(C#N)c12,4.458,0.122,34818.07,moderate,0.7191113126275221,0.14170040485829966,0.43040585874291093
phase2_7CIL_LIG_151591358,7CIL_LIG,-7.855,3,1,282.31,1.74,3,7,107.24,6.445,358.77,CCNc1nc(Nc2cnn(C)c2)nc2[nH]cc(C#N)c12,4.383,0.195,41444.9,moderate,0.6812514169122647,0.09832272990167723,0.38978707340697094
phase2_7CHM_LIG_142436085,7CHM_LIG,-8.082,2,0,450.5,2.72,3,8,124.53,6.44,363.33,COCCNc1cc(Nc2ccc(C(=O)N3CCOCC3)cc2OC)nc2[nH]cc(C#N)c12,5.068,0.226,8556.19,low,0.6297891634549986,0.4945054945054942,0.5621473289802463
phase2_7CHM_LIG_142416365,7CHM_LIG,-9.527,1,1,455.47,3.88,3,7,118.96,6.431,370.82,CCNc1nc(Nc2ccc(C(=O)N3CCC(F)(F)CC3)cc2OC)nc2[nH]cc(C#N)c12,4.942,0.245,11424.75,low,0.30219904783495816,0.42163100057836905,0.3619150242066636
phase2_7CIL_LIG_155928385,7CIL_LIG,-9.079,1,0,351.42,1.89,2,9,113.61,6.421,379.44,C[C@@H]1CCCN1c1c(C#N)c2c(N)nc(Nc3cnn(C)c3)nc2n1C,4.809,0.288,15521.61,low,0.40376331897528883,0.3447079236552921,0.3742356213152905
phase2_7CIL_LIG_142416409,7CIL_LIG,-7.647,1,0,296.34,2.05,3,7,107.24,6.421,379.73,CCNc1nc(Nc2cnn(C)c2C)nc2[nH]cc(C#N)c12,4.213,0.122,61172.38,moderate,0.7284062570845612,0.0,0.3642031285422806
phase2_7CHN_LIG_155109167,7CHN_LIG,-10.333,4,1,487.53,6.21,3,5,82.28,6.417,382.91,COc1cc(N2CCCC2=O)ccc1Nc1cc(NC2CCCCC2)c2c(C(F)(F)F)c[nH]c2n1,4.85,0.166,14134.67,moderate,0.11947404216730884,0.36842105263157865,0.24394754739944374
phase2_7CHM_LIG_155564829,7CHM_LIG,-9.642,3,1,471.52,3.62,5,7,133.06,6.412,387.67,C=CC(=O)NCc1ccc(Nc2nc(Nc3ccccc3C(=O)NC)c3cc[nH]c3n2)c(OC)c1,4.588,0.138,25804.2,moderate,0.2761278621627749,0.21688837478311163,0.24650811847294327
phase2_7CHN_LIG_155109177,7CHN_LIG,-10.224,2,1,474.49,5.21,3,6,95.17,6.412,387.25,COc1cc(N2CCCC2=O)ccc1Nc1nc(NC2CCCC2)c2c(C(F)(F)F)c[nH]c2n1,4.554,0.134,27898.23,moderate,0.14418499206529115,0.19722382880277628,0.17070441043403373
phase2_7CHN_LIG_155109171,7CHN_LIG,-10.138,3,0,488.51,5.6,3,6,95.17,6.406,393.1,COc1cc(N2CCCC2=O)ccc1Nc1nc(NC2CCCCC2)c2c(C(F)(F)F)c[nH]c2n1,4.505,0.158,31253.33,moderate,0.1636817048288369,0.16888374783111615,0.16628272632997654
phase2_7CIL_LIG_142416376,7CIL_LIG,-8.311,2,0,335.38,2.38,3,8,131.03,6.376,420.7,CNc1nc(Nc2cn(C(C)(C)C#N)nc2C)nc2[nH]cc(C#N)c12,4.51,0.152,30869.92,moderate,0.5778734980729993,0.17177559282822422,0.3748245454506117
phase2_7CHM_LIG_146290574,7CHM_LIG,-8.906,2,0,475.47,4.38,3,6,91.51,6.366,430.77,COc1cc(C(=O)N2CCOCC2)ccc1Nc1cc(NC2CC2)c2c(C(F)(F)F)c[nH]c2n1,4.966,0.238,10810.79,low,0.442983450464747,0.4355118565644882,0.4392476535146176
phase2_7CHM_LIG_117881492,7CHM_LIG,-9.448,1,1,464.46,3.05,3,8,123.28,6.356,440.44,COc1cc(C(=O)NC2COC2)ccc1Nc1nc(OC)c2c(-c3ccnc(F)c3)c[nH]c2n1,4.869,0.222,13527.95,low,0.3201088188619359,0.37941006362058977,0.3497594412412628
phase2_7CHM_LIG_142435998,7CHM_LIG,-9.194,3,1,420.47,3.09,3,7,115.3,6.35,447.11,CNc1cc(Nc2ccc(C(=O)N3CCO[C@@H](C)C3)cc2OC)nc2[nH]cc(C#N)c12,5.317,0.289,4822.34,low,0.3776921333031056,0.6385193753614806,0.5081057543322931
phase2_7CHM_LIG_122490584,7CHM_LIG,-9.138,3,1,408.46,2.76,3,7,104.4,6.346,451.19,COc1cc(C(=O)N2CCOCC2)ccc1Nc1nc(NC2CC2)c2cc[nH]c2n1,4.799,0.26,15867.87,low,0.39038766719564716,0.33892423366107594,0.3646559504283615
phase2_7CHM_LIG_151973166,7CHM_LIG,-9.398,3,0,476.46,3.78,3,7,104.4,6.346,450.58,COc1cc(C(=O)N2CCOCC2)ccc1Nc1nc(NC2CC2)c2c(C(F)(F)F)c[nH]c2n1,4.587,0.297,25900.83,low,0.33144411698027654,0.21631000578368978,0.27387706138198314
phase2_7CIL_LIG_142416408,7CIL_LIG,-7.556,2,0,296.34,2.05,3,7,107.24,6.34,457.11,CCNc1nc(Nc2cn(C)nc2C)nc2[nH]cc(C#N)c12,4.334,0.163,46366.3,moderate,0.749036499659941,0.06998264893001709,0.40950957429497903
phase2_7CHM_LIG_118286440,7CHM_LIG,-8.814,3,0,415.43,2.72,2,7,101.6,6.322,476.01,CCOc1nc(Nc2cc(F)c(C(=O)N3CCOCC3)cc2OC)nc2[nH]ccc12,4.934,0.201,11629.9,low,0.4638403990024937,0.417004048582996,0.44042222379274487
phase2_7CHN_LIG_155119010,7CHN_LIG,-8.828,5,2,418.46,3.13,3,9,125.7,6.321,477.78,COCCNc1nc(Nc2ccc(-n3ccnc3C)cc2OC)nc2[nH]cc(C#N)c12,4.402,0.192,39609.48,moderate,0.46066651552935844,0.10931174089068829,0.28498912821002337
phase2_7CHM_LIG_118286345,7CHM_LIG,-8.812,3,0,428.47,2.64,2,7,95.61,6.306,494.48,CCOc1nc(Nc2cc(F)c(C(=O)N3CCN(C)CC3)cc2OC)nc2[nH]ccc12,5.268,0.245,5393.97,low,0.46429381092722743,0.6101792943898205,0.537236552658524
phase2_7CHM_LIG_142436062,7CHM_LIG,-9.095,2,1,406.45,2.7,3,7,115.3,6.278,527.07,CNc1cc(Nc2ccc(C(=O)N3CCOCC3)cc2OC)nc2[nH]cc(C#N)c12,5.202,0.178,6276.36,moderate,0.40013602357741984,0.5720069404279929,0.4860714820027064
phase2_7CIL_LIG_142416390,7CIL_LIG,-8.84,3,0,369.82,3.11,3,8,131.03,6.261,548.27,CCNc1nc(Nc2cn(C(C)(C)C#N)nc2Cl)nc2[nH]cc(C#N)c12,4.515,0.217,30541.87,low,0.4579460439809566,0.1746674378253323,0.3163067409031445
phase2_7CHM_LIG_117881532,7CHM_LIG,-9.249,3,0,478.48,3.36,3,8,123.28,6.256,554.81,COc1cc(C(=O)NC2COC2)ccc1Nc1nc(OC)c2c(-c3cc(C)nc(F)c3)c[nH]c2n1,4.882,0.221,13122.84,low,0.3652233053729311,0.38692886061307086,0.376076082993001
phase2_7CIL_LIG_142416341,7CIL_LIG,-7.489,2,0,312.34,1.19,4,8,127.47,6.255,556.05,CCNc1nc(Nc2cnn(CCO)c2)nc2[nH]cc(C#N)c12,4.404,0.218,39408.88,low,0.7642257991385173,0.11046847888953142,0.43734713901402433
phase2_7CIL_LIG_142416321,7CIL_LIG,-8.6,2,0,369.82,3.11,3,8,131.03,6.251,560.79,CCNc1nc(Nc2cnn(C(C)(C)C#N)c2Cl)nc2[nH]cc(C#N)c12,4.503,0.178,31414.36,moderate,0.5123554749489911,0.167727009832273,0.34004124239063205
phase2_7CHM_LIG_142436022,7CHM_LIG,-8.546,2,0,463.46,4.24,3,6,91.51,6.231,587.3,CCNc1cc(Nc2ccc(C(=O)N3CCOCC3)cc2OC)nc2[nH]cc(C(F)(F)F)c12,4.959,0.253,10979.26,low,0.524597596916799,0.4314632735685364,0.4780304352426677
phase2_7CHM_LIG_146393712,7CHM_LIG,-9.283,3,1,460.46,4.68,2,5,79.48,6.22,602.45,COc1cc(C(=O)N2CCOCC2)ccc1Nc1cc(C2CC2)c2c(C(F)(F)F)c[nH]c2n1,5.075,0.217,8407.78,low,0.3575153026524598,0.498554077501446,0.4280346900769529
phase2_7CHM_LIG_146393637,7CHM_LIG,-6.956,1,1,439.49,3.98,2,6,92.37,6.214,610.53,COc1cc(C(=O)N2CCCCOCC2)ccc1Nc1nc(C2CC2)c2c(F)c[nH]c2n1,5.082,0.244,8286.45,low,0.8850600770800271,0.5026026604973972,0.6938313687887121
phase2_7CHN_LIG_155109155,7CHN_LIG,-9.063,4,1,420.4,3.9,3,6,95.17,6.202,627.72,CNc1nc(Nc2ccc(N3CCCC3=O)cc2OC)nc2[nH]cc(C(F)(F)F)c12,4.596,0.092,25367.8,high,0.40739061437315777,0.22151532677848468,0.3144529705758212
phase2_7CHM_LIG_150071746,7CHM_LIG,-9.37,2,1,451.44,4.13,3,7,118.96,6.2,630.66,CCNc1nc(Nc2ccc(C(=O)N3C=CC(F)(F)C=C3)cc2OC)nc2[nH]cc(C#N)c12,4.464,0.079,34355.84,high,0.33779188392654735,0.14517061885482957,0.24148125139068846
phase2_7CHM_LIG_148534597,7CHM_LIG,-8.777,3,1,489.5,3.69,3,7,98.41,6.2,631.54,COc1cc(C(=O)N2CCN(C)CC2)ccc1Nc1nc(NC2CC2)c2c(C(F)(F)F)c[nH]c2n1,4.975,0.153,10601.86,moderate,0.47222851961006584,0.4407171775592825,0.4564728485846742
phase2_7CHM_LIG_118286394,7CHM_LIG,-9.52,2,1,438.46,3.55,2,7,116.16,6.194,640.06,CCOc1nc(Nc2ccc(C(=O)N3CCC(F)CC3)cc2OC)nc2[nH]cc(C#N)c12,5.235,0.252,5822.68,low,0.30378598957152575,0.591093117408907,0.44743955349021636
phase2_7CHM_LIG_117881533,7CHM_LIG,-9.725,4,0,464.5,4.4,2,7,105.26,6.194,639.92,COc1cc(C(=O)N(C)C)ccc1Nc1nc(OC(C)C)c2c(-c3ccnc(F)c3)c[nH]c2n1,4.702,0.225,19845.35,low,0.2573112672863296,0.2828224407171775,0.27006685400175356
phase2_7CHM_LIG_146393636,7CHM_LIG,-9.105,1,1,411.44,3.2,2,6,92.37,6.192,642.99,COc1cc(C(=O)N2CCOCC2)ccc1Nc1nc(C2CC2)c2c(F)c[nH]c2n1,5.062,0.303,8669.93,low,0.3978689639537518,0.49103528050896483,0.4444521222313583
phase2_7CHM_LIG_155548752,7CHM_LIG,-9.616,3,0,473.54,3.84,5,7,133.06,6.161,689.85,CCC(=O)NCc1ccc(Nc2nc(Nc3ccccc3C(=O)NC)c3cc[nH]c3n2)c(OC)c1,4.623,0.158,23815.22,moderate,0.2820222171843119,0.2371312897628688,0.2595767534735903
phase2_7CHM_LIG_142436060,7CHM_LIG,-8.476,5,2,493.49,3.86,3,7,100.74,6.159,693.34,COCCNc1cc(Nc2ccc(C(=O)N3CCOCC3)cc2OC)nc2[nH]cc(C(F)(F)F)c12,4.982,0.121,10413.86,moderate,0.5404670142824753,0.4447657605552343,0.49261638741885483
phase2_7CHM_LIG_155022157,7CHM_LIG,-8.882,2,0,484.43,4.64,3,6,95.17,6.134,734.73,CNc1nc(Nc2ccc(C(=O)N3CCC(F)(F)CC3)cc2OC)nc2[nH]cc(C(F)(F)F)c12,5.022,0.257,9515.17,low,0.44842439356155067,0.4679005205320996,0.4581624570468251
phase2_7CHM_LIG_57383019,7CHM_LIG,-8.605,1,0,464.57,2.38,2,7,95.61,6.125,750.72,Cc1c[nH]c2ncnc(N3CCC(NC(=O)c4cccc(OCCN5CCOCC5)c4)CC3)c12,4.811,0.223,15460.51,low,0.5112219451371569,0.34586466165413526,0.42854330339564606
phase2_7CHM_LIG_142416343,7CHM_LIG,-9.414,3,0,498.46,5.03,3,6,95.17,6.092,809.15,CCNc1nc(Nc2ccc(C(=O)N3CCC(F)(F)CC3)cc2OC)nc2[nH]cc(C(F)(F)F)c12,4.87,0.255,13491.58,low,0.3278168215824076,0.3799884326200116,0.35390262710120957
phase2_7CHM_LIG_117884097,7CHM_LIG,-9.946,3,0,458.52,4.45,3,7,114.05,6.083,825.95,CNC(=O)c1ccc(Nc2nc(OC3CCCC3)c3c(-c4ccncc4)c[nH]c3n2)c(OC)c1,4.73,0.079,18631.48,high,0.2072092496032645,0.2990167727009834,0.253113011152124
phase2_7CHM_LIG_146393608,7CHM_LIG,-8.996,3,0,461.44,4.08,2,6,92.37,6.076,840.08,COc1cc(C(=O)N2CCOCC2)ccc1Nc1nc(C2CC2)c2c(C(F)(F)F)c[nH]c2n1,4.784,0.253,16449.2,low,0.4225799138517341,0.33024869866975115,0.3764143062607426
phase2_7CHM_LIG_118286352,7CHM_LIG,-8.927,1,0,425.49,3.36,2,7,101.6,6.023,948.65,CCOc1nc(Nc2ccc(C(=O)N3CCOCC3)cc2OC(C)C)nc2[nH]ccc12,4.982,0.31,10431.16,low,0.4382226252550442,0.4447657605552343,0.44149419290513925
phase2_7CHM_LIG_155022056,7CHM_LIG,-9.121,3,1,464.45,3.63,3,7,104.4,6.011,975.82,CNc1nc(Nc2ccc(C(=O)N3CCO[C@@H](C)C3)cc2OC)nc2[nH]cc(C(F)(F)F)c12,4.852,0.253,14064.33,low,0.39424166855588283,0.36957779063042234,0.3819097295931526
phase2_7CHM_LIG_122490578,7CHM_LIG,-9.374,4,1,452.52,2.77,3,8,113.63,6.005,987.5,COc1cc(C(=O)N2CCOCC2)ccc1Nc1nc(NC[C@H]2CCCO2)c2cc[nH]c2n1,4.937,0.212,11558.03,low,0.3368850600770798,0.41873915558126096,0.3778121078291704
phase2_7CHM_LIG_155532159,7CHM_LIG,-7.976,1,0,369.43,3.2,2,6,92.37,6.004,990.87,COc1cc(C(=O)N(C)C)ccc1Nc1nc(OC(C)C)c2cc[nH]c2n1,4.695,0.206,20206.61,low,0.6538199954658807,0.27877385772122626,0.4662969265935535
phase2_7CHM_LIG_142436036,7CHM_LIG,-8.928,2,0,462.48,3.76,3,6,85.52,6.004,990.91,CNc1cc(Nc2ccc(C(=O)N3CCN(C)CC3)cc2OC)nc2[nH]cc(C(F)(F)F)c12,5.567,0.21,2709.59,low,0.4379959192926771,0.7831116252168884,0.6105537722547827
phase2_7CHM_LIG_142416414,7CHM_LIG,-8.605,2,1,478.48,4.02,3,7,104.4,6.0,999.07,CCNc1nc(Nc2ccc(C(=O)N3CCO[C@H](C)C3)cc2OC)nc2[nH]cc(C(F)(F)F)c12,4.401,0.245,39715.85,low,0.5112219451371569,0.10873337189126646,0.30997765851421166
phase2_7CHM_LIG_142416349,7CHM_LIG,-9.149,4,0,478.48,4.02,3,7,104.4,6.0,999.07,CCNc1nc(Nc2ccc(C(=O)N3CCO[C@@H](C)C3)cc2OC)nc2[nH]cc(C(F)(F)F)c12,4.696,0.276,20138.02,low,0.38789390160961246,0.2793522267206476,0.33362306416513
phase2_7CHM_LIG_155012434,7CHM_LIG,-9.158,2,0,478.48,4.02,3,7,104.4,6.0,999.07,CCNc1nc(Nc2ccc(C(=O)N3CCO[C@@H](C)C3)cc2OC)nc2[nH]cc(C(F)(F)F)c12,4.696,0.276,20138.03,low,0.38585354794831106,0.2793522267206476,0.3326028873344793
phase2_7CHM_LIG_155554448,7CHM_LIG,-9.75,2,0,439.52,3.75,2,7,101.6,5.993,1015.7,COc1cc(C(=O)N(C)C)ccc1Nc1nc(O[C@H]2CCOC(C)(C)C2)c2cc[nH]c2n1,4.649,0.329,22428.9,low,0.25164361822715925,0.2521688837478311,0.2519062509874952
phase2_7CHM_LIG_77846657,7CHM_LIG,-10.314,2,0,457.53,5.06,3,6,101.16,5.987,1030.16,CNC(=O)c1ccc(Nc2nc(OC3CCCC3)c3c(-c4ccccc4)c[nH]c3n2)c(OC)c1,4.707,0.07,19650.17,high,0.12378145545227827,0.2857142857142856,0.20474787058328192
phase2_7CHM_LIG_118286384,7CHM_LIG,-8.899,3,0,411.46,2.97,2,7,101.6,5.987,1029.35,CCOc1nc(Nc2ccc(C(=O)N3CCOC[C@@H]3C)cc2OC)nc2[nH]ccc12,4.811,0.068,15448.98,high,0.444570392201315,0.34586466165413526,0.39521752692772516
phase2_7CHM_LIG_126482550,7CHM_LIG,-8.743,4,1,411.46,2.97,2,7,101.6,5.987,1029.35,CCOc1nc(Nc2ccc(C(=O)N3CCOC[C@H]3C)cc2OC)nc2[nH]ccc12,5.434,0.211,3682.44,low,0.47993652233053713,0.7061885482938115,0.5930625353121743
phase2_7CHM_LIG_142436063,7CHM_LIG,-9.536,3,0,449.43,3.85,3,6,91.51,5.971,1067.99,CNc1cc(Nc2ccc(C(=O)N3CCOCC3)cc2OC)nc2[nH]cc(C(F)(F)F)c12,5.12,0.16,7578.04,moderate,0.30015869417365676,0.5245806824754193,0.412369688324538
phase2_7CHN_LIG_59442331,7CHN_LIG,-6.449,1,2,480.57,2.9,4,7,127.51,5.96,1096.77,CC(C)NC(=O)Nc1ccc2cc1OCC(=O)N(C)CCCN(C)Cc1c[nH]c3ncnc(c13)N2,4.797,0.211,15947.85,low,1.0,0.3377674956622323,0.6688837478311161
phase2_7CHM_LIG_155536065,7CHM_LIG,-9.103,3,1,411.46,2.97,2,7,101.6,5.954,1111.78,COc1cc(C(=O)N(C)C)ccc1Nc1nc(OC2CCOCC2)c2cc[nH]c2n1,4.674,0.191,21180.57,moderate,0.39832237587848557,0.26662810873337206,0.33247524230592884
phase2_7CHM_LIG_140767798,7CHM_LIG,-8.525,1,0,438.46,4.23,2,6,96.73,5.953,1114.47,[C-]#[N+]c1c[nH]c2nc(Nc3ccc(C(=O)N4CCC(F)CC4)cc3OC)nc(OCC)c12,5.196,0.171,6361.49,moderate,0.5293584221265017,0.568536726431463,0.5489475742789824
phase2_7CHM_LIG_122490572,7CHM_LIG,-8.984,2,2,444.92,3.66,3,7,104.4,5.953,1113.15,CCCNc1nc(Nc2ccc(C(=O)N3CCOCC3)cc2OC)nc2[nH]cc(Cl)c12,5.269,0.305,5386.05,low,0.4253003854001359,0.6107576633892423,0.5180290243946891
phase2_7CHM_LIG_126482470,7CHM_LIG,-9.321,4,2,436.52,3.03,2,7,95.61,5.952,1116.99,CCOc1nc(Nc2ccc(C(=O)N3CCN4CCC[C@H]4C3)cc2OC)nc2[nH]ccc12,5.402,0.201,3958.24,low,0.34890047608252095,0.6876807403123193,0.5182906081974201
phase2_7CHM_LIG_118286279,7CHM_LIG,-8.84,3,1,436.52,3.03,2,7,95.61,5.952,1116.99,CCOc1nc(Nc2ccc(C(=O)N3CCN4CCC[C@@H]4C3)cc2OC)nc2[nH]ccc12,4.863,0.226,13708.03,low,0.4579460439809566,0.37593984962406035,0.4169429468025085
phase2_7CHM_LIG_142416387,7CHM_LIG,-8.98,2,0,477.49,3.55,3,7,98.41,5.947,1129.27,CCNc1nc(Nc2ccc(C(=O)N3CCN(C)CC3)cc2OC)nc2[nH]cc(C(F)(F)F)c12,5.005,0.147,9890.54,moderate,0.4262072092496031,0.4580682475419316,0.44213772839576737
phase2_7CHM_LIG_118286387,7CHM_LIG,-9.254,2,0,438.53,3.28,2,7,95.61,5.947,1129.84,CCOc1nc(Nc2ccc(C(=O)N3CCN(C)CC3)cc2OC(C)C)nc2[nH]ccc12,5.499,0.111,3169.71,moderate,0.3640897755610973,0.7437825332562172,0.5539361544086573
phase2_7CHM_LIG_142416383,7CHM_LIG,-8.496,1,0,464.45,3.63,3,7,104.4,5.945,1135.54,CCNc1nc(Nc2ccc(C(=O)N3CCOCC3)cc2OC)nc2[nH]cc(C(F)(F)F)c12,4.614,0.272,24316.08,low,0.5359328950351393,0.2319259687680739,0.3839294319016066
phase2_7CHM_LIG_122490554,7CHM_LIG,-8.917,3,1,410.48,3.0,3,7,104.4,5.944,1137.3,CCCNc1nc(Nc2ccc(C(=O)N3CCOCC3)cc2OC)nc2[nH]ccc12,5.017,0.282,9612.58,low,0.44048968487871226,0.4650086755349915,0.45274918020685184
phase2_7CHM_LIG_118286391,7CHM_LIG,-9.008,1,1,446.46,3.09,2,7,95.61,5.94,1148.92,CCOc1nc(Nc2ccc(C(=O)N3CCN(C)CC3)cc2OC(F)F)nc2[nH]ccc12,5.494,0.116,3207.96,moderate,0.41985944230333266,0.7408906882591091,0.5803750652812208
phase2_7CHM_LIG_142416325,7CHM_LIG,-8.381,3,1,450.42,3.24,3,7,104.4,5.906,1241.56,CNc1nc(Nc2ccc(C(=O)N3CCOCC3)cc2OC)nc2[nH]cc(C(F)(F)F)c12,4.773,0.166,16862.42,moderate,0.5620040807073224,0.32388663967611314,0.4429453601917178
phase2_7CHM_LIG_117881522,7CHM_LIG,-9.632,3,1,478.48,3.39,2,8,114.49,5.902,1252.23,COc1cc(C(=O)N(C)C2COC2)ccc1Nc1nc(OC)c2c(-c3ccnc(F)c3)c[nH]c2n1,4.654,0.096,22168.15,high,0.27839492178644293,0.2550607287449392,0.26672782526569105
phase2_7CHM_LIG_118286449,7CHM_LIG,-8.35,2,0,399.45,2.61,4,7,121.39,5.901,1254.91,CCOc1nc(Nc2ccc(C(=O)NCC(C)(C)O)cc2OC)nc2[nH]ccc12,4.754,0.155,17632.79,moderate,0.5690319655406937,0.3128976286871021,0.4409647971138979
phase2_7CHM_LIG_155558488,7CHM_LIG,-9.99,3,1,481.55,3.52,2,8,110.83,5.899,1262.54,COc1cc(C(=O)N2CCOCC2)ccc1Nc1nc(O[C@H]2CCOC(C)(C)C2)c2cc[nH]c2n1,4.903,0.336,12516.01,low,0.19723418725912475,0.39907460960092506,0.2981543984300249
phase2_7CHM_LIG_155545935,7CHM_LIG,-9.696,3,0,409.49,4.12,2,6,92.37,5.897,1266.88,COc1cc(C(=O)N(C)C)ccc1Nc1nc(OC2CCCCC2)c2cc[nH]c2n1,4.696,0.15,20156.08,moderate,0.2638857401949671,0.2793522267206476,0.27161898345780733
phase2_7CHM_LIG_155562324,7CHM_LIG,-9.228,2,2,395.46,3.73,2,6,92.37,5.892,1283.67,COc1cc(C(=O)N(C)C)ccc1Nc1nc(OC2CCCC2)c2cc[nH]c2n1,4.704,0.136,19769.16,moderate,0.3699841305826343,0.28397917871602063,0.3269816546493275
phase2_7CHM_LIG_77847232,7CHM_LIG,-8.581,2,0,434.46,3.15,3,8,123.28,5.892,1282.78,CNC(=O)c1ccc(Nc2nc(OC)c3c(-c4ccc(OC)nc4)c[nH]c3n2)c(OC)c1,4.765,0.107,17198.39,moderate,0.5166628882339606,0.3192596876807401,0.4179612879573503
phase2_7CHM_LIG_122490553,7CHM_LIG,-8.516,4,2,426.48,2.24,3,8,113.63,5.89,1286.85,COCCNc1nc(Nc2ccc(C(=O)N3CCOCC3)cc2OC)nc2[nH]ccc12,4.817,0.154,15250.64,moderate,0.5313987757878031,0.3493348756506652,0.44036682571923413
phase2_7CHM_LIG_122490576,7CHM_LIG,-8.582,1,0,430.9,3.27,3,7,104.4,5.874,1335.74,CCNc1nc(Nc2ccc(C(=O)N3CCOCC3)cc2OC)nc2[nH]cc(Cl)c12,5.041,0.29,9091.0,low,0.5164361822715935,0.47888953152111063,0.49766285689635203
phase2_7CHM_LIG_122490551,7CHM_LIG,-8.674,2,0,396.45,2.61,3,7,104.4,5.845,1427.43,CCNc1nc(Nc2ccc(C(=O)N3CCOCC3)cc2OC)nc2[nH]ccc12,4.834,0.209,14659.64,low,0.4955792337338472,0.3591671486408326,0.4273731911873399
phase2_7CHM_LIG_112499966,7CHM_LIG,-8.746,2,0,416.87,2.88,3,7,104.4,5.839,1449.18,CNc1nc(Nc2ccc(C(=O)N3CCOCC3)cc2OC)nc2[nH]cc(Cl)c12,5.139,0.198,7265.16,moderate,0.4792564044434367,0.5355696934644304,0.5074130489539336
phase2_7CHM_LIG_122490552,7CHM_LIG,-8.693,2,1,382.42,2.22,3,7,104.4,5.829,1483.29,CNc1nc(Nc2ccc(C(=O)N3CCOCC3)cc2OC)nc2[nH]ccc12,4.958,0.116,11021.72,moderate,0.4912718204488778,0.43088490456911516,0.4610783625089965
phase2_7CHM_LIG_118286448,7CHM_LIG,-8.516,2,0,465.43,3.6,2,7,101.6,5.821,1511.49,CCOc1nc(Nc2ccc(C(=O)N3CCOCC3)cc2OC)nc2[nH]cc(C(F)(F)F)c12,4.769,0.27,17040.46,low,0.5313987757878031,0.32157316367842687,0.42648596973311503
phase2_7CHM_LIG_57382890,7CHM_LIG,-7.815,1,0,365.44,2.67,2,5,83.14,5.806,1563.35,COc1cccc(C(=O)NC2CCN(c3ncnc4[nH]cc(C)c34)CC2)c1,4.791,0.142,16164.21,moderate,0.6903196554069371,0.3342972816657029,0.51230846853632
phase2_7CHM_LIG_118286277,7CHM_LIG,-9.012,4,1,450.54,3.28,2,7,95.61,5.782,1653.17,CCOc1nc(Nc2ccc(C(=O)N3CCC4(CC3)CN(C)C4)cc2OC)nc2[nH]ccc12,4.991,0.212,10212.96,low,0.41895261845386517,0.44997108155002863,0.4344618500019469
phase2_7CHM_LIG_117881541,7CHM_LIG,-9.579,2,0,436.45,3.62,2,7,105.26,5.78,1661.18,COc1cc(C(=O)N(C)C)ccc1Nc1nc(OC)c2c(-c3ccnc(F)c3)c[nH]c2n1,4.695,0.096,20164.25,high,0.2904103377918837,0.27877385772122626,0.284592097756555
phase2_7CHM_LIG_122490581,7CHM_LIG,-8.729,3,1,387.83,2.84,2,6,92.37,5.777,1670.63,COc1cc(C(=O)N2CCOCC2)ccc1Nc1ncc2c(Cl)c[nH]c2n1,5.214,0.294,6105.75,low,0.48311040580367276,0.5789473684210528,0.5310288871123627
phase2_7CHM_LIG_118286393,7CHM_LIG,-9.186,2,0,413.45,3.68,2,6,92.37,5.77,1697.47,CCOc1nc(Nc2ccc(C(=O)N3CCC(F)CC3)cc2OC)nc2[nH]ccc12,5.369,0.231,4271.88,low,0.3795057810020403,0.6685945633314052,0.5240501721667228
phase2_7CHN_LIG_145885842,7CHN_LIG,-7.543,1,0,297.32,2.67,3,5,91.93,5.751,1776.18,COc1cc(Nc2ncnc3[nH]ccc23)ccc1NC(C)=O,4.604,0.131,24901.1,moderate,0.7519836771707095,0.22614227877385773,0.4890629779722836
phase2_7CHM_LIG_155012431,7CHM_LIG,-8.535,2,0,492.5,4.41,3,7,104.4,5.749,1784.13,CCNc1nc(Nc2ccc(C(=O)N3C[C@@H](C)O[C@@H](C)C3)cc2OC)nc2[nH]cc(C(F)(F)F)c12,4.668,0.41,21470.05,low,0.5270913625028337,0.26315789473684215,0.39512462861983794
phase2_7CHT_LIG_141303240,7CHT_LIG,-7.889,1,0,325.37,2.55,2,6,75.3,5.677,2101.94,COc1cc(N2CCOCC2)ccc1Nc1ncc2cc[nH]c2n1,4.831,0.211,14749.45,low,0.6735434141917931,0.35743204164256814,0.5154877279171806
phase2_7CHM_LIG_118286428,7CHM_LIG,-8.737,3,0,397.44,2.58,2,7,101.6,5.649,2243.99,CCOc1nc(Nc2ccc(C(=O)N3CCOCC3)cc2OC)nc2[nH]ccc12,4.938,0.227,11538.49,low,0.48129675810473804,0.4193175245806822,0.4503071413427101
phase2_7CHM_LIG_117881546,7CHM_LIG,-9.63,3,0,450.47,3.93,2,7,105.26,5.648,2246.98,COc1cc(C(=O)N(C)C)ccc1Nc1nc(OC)c2c(-c3cc(C)nc(F)c3)c[nH]c2n1,4.713,0.136,19376.89,moderate,0.27884833371117634,0.2891844997108155,0.2840164167109959
phase2_7CHM_LIG_118286451,7CHM_LIG,-8.696,2,0,411.46,2.97,2,7,101.6,5.624,2378.66,CCOc1cc(C(=O)N2CCOCC2)ccc1Nc1nc(OCC)c2cc[nH]c2n1,4.971,0.293,10687.92,low,0.49059170256177737,0.4384037015615963,0.46449770206168683
phase2_7CHM_LIG_118286467,7CHM_LIG,-8.794,1,0,410.48,2.5,2,7,95.61,5.623,2380.61,CCOc1nc(Nc2ccc(C(=O)N3CCN(C)CC3)cc2OC)nc2[nH]ccc12,5.39,0.084,4078.19,high,0.4683745182498298,0.6807403123192595,0.5745574152845446
phase2_7CHM_LIG_118286459,7CHM_LIG,-8.792,2,0,424.51,2.89,2,7,95.61,5.619,2402.53,CCOc1cc(C(=O)N2CCN(C)CC2)ccc1Nc1nc(OCC)c2cc[nH]c2n1,5.47,0.119,3391.36,moderate,0.46882793017456353,0.72700983227299,0.5979188812237768
phase2_7CHM_LIG_69920162,7CHM_LIG,-9.197,3,0,443.51,4.29,2,7,104.29,5.55,2815.38,COc1cc(-c2cn(C3CCOCC3)c3ncnc(N)c23)ccc1NC(=O)c1ccccc1,4.659,0.112,21937.05,moderate,0.37701201541600554,0.2579525737420473,0.31748229457902644
phase2_7CHM_LIG_122490555,7CHM_LIG,-8.841,2,0,383.41,2.19,2,7,101.6,5.538,2896.6,COc1cc(C(=O)N2CCOCC2)ccc1Nc1nc(OC)c2cc[nH]c2n1,4.962,0.163,10903.37,moderate,0.45771933801858994,0.4331983805668014,0.4454588592926957
phase2_7CHM_LIG_122490550,7CHM_LIG,-8.793,1,0,353.38,2.18,2,6,92.37,5.502,3145.14,COc1cc(C(=O)N2CCOCC2)ccc1Nc1ncc2cc[nH]c2n1,5.028,0.353,9369.1,low,0.46860122421219685,0.47137073452862893,0.46998597937041287
phase2_7CHM_LIG_118286447,7CHM_LIG,-9.07,2,1,425.49,3.36,2,7,101.6,5.464,3431.71,CCOc1nc(Nc2ccc(C(=O)N3C[C@@H](C)O[C@@H](C)C3)cc2OC)nc2[nH]ccc12,4.998,0.301,10053.81,low,0.4058036726365902,0.4540196645459804,0.42991166859128527
